DateTimeEnding,CLUZ,CVIS,CMIN
11/1/2025 01:00,9379.8,1725,1879.5
11/1/2025 02:00,9140.3,1654.5,1802.5
11/1/2025 03:00,8823,1600.8,1760
11/1/2025 04:00,8617.7,1564.5,1718.7
11/1/2025 05:00,8582.5,1568.1,1740.4
11/1/2025 06:00,8456.2,1609.6,1795.7
11/1/2025 07:00,8424.2,1609.6,1785.2
11/1/2025 08:00,8627,1662.8,1831.5
11/1/2025 09:00,9348,1849.7,1971.3
11/1/2025 10:00,9958.9,1980.8,2080.1
11/1/2025 11:00,10378.6,2065.4,2194.6
11/1/2025 12:00,10532.3,2077.6,2215.2
11/1/2025 13:00,10448.6,2055.5,2224.6
11/1/2025 14:00,10622.8,2140.3,2279.5
11/1/2025 15:00,10513.3,2153.6,2308.8
11/1/2025 16:00,10620.1,2135.6,2272.8
11/1/2025 17:00,10215.5,2094.2,2224.4
11/1/2025 18:00,10057.9,2109.3,2305.5
11/1/2025 19:00,10438.9,2234.9,2409
11/1/2025 20:00,10267.1,2161.9,2313.9
11/1/2025 21:00,10107.4,2100,2257.9
11/1/2025 22:00,9890.4,2016.1,2166.2
11/1/2025 23:00,9508.1,1884.9,2049
11/2/2025 00:00,9399.6,1788.8,1955.2
11/2/2025 01:00,9285.9,1732.8,1886.1
11/2/2025 02:00,9051,1657.6,1811.9
11/2/2025 03:00,8747,1604.5,1760.3
11/2/2025 04:00,8511.7,1560,1713.5
11/2/2025 05:00,8407.5,1556.1,1713.7
11/2/2025 06:00,8257.5,1563.9,1742.2
11/2/2025 07:00,8191.3,1555.5,1714.2
11/2/2025 08:00,8389.4,1599.4,1734
11/2/2025 09:00,8849.7,1687,1823
11/2/2025 10:00,9440.4,1789,1910.3
11/2/2025 11:00,9841.8,1853.8,2035
11/2/2025 12:00,9912,1881.3,2093
11/2/2025 13:00,9875.5,1896.9,2110
11/2/2025 14:00,10123.8,1936.8,2140.7
11/2/2025 15:00,10126.2,1967.1,2133.6
11/2/2025 16:00,10148.2,1958.9,2083.1
11/2/2025 17:00,10010.1,1978.9,2040.3
11/2/2025 18:00,9999.8,2032.1,2139.4
11/2/2025 19:00,10406.4,2178.4,2301.5
11/2/2025 20:00,10322.8,2111.1,2225.8
11/2/2025 21:00,10196,2058.1,2191.8
11/2/2025 22:00,10047.1,1989.9,2104.8
11/2/2025 23:00,9629.1,1876.6,1986.4
11/3/2025 00:00,9547,1814.9,1932.8
11/3/2025 01:00,9333.9,1740.4,1844.7
11/3/2025 02:00,9150,1659.1,1772.9
11/3/2025 03:00,8774.9,1609,1726.5
11/3/2025 04:00,8549.5,1578.7,1701.3
11/3/2025 05:00,8568.6,1582,1737.5
11/3/2025 06:00,8623.3,1660.1,1836.7
11/3/2025 07:00,8592,1634.1,1766.8
11/3/2025 08:00,8878,1690.2,1791.6
11/3/2025 09:00,9694.6,1959.5,2044.8
11/3/2025 10:00,10256.2,2124.6,2209.7
11/3/2025 11:00,10771.8,2133.2,2318
11/3/2025 12:00,10633.4,2109.7,2338.2
11/3/2025 13:00,10705.8,2044,2327.7
11/3/2025 14:00,10925.4,2137.8,2435.7
11/3/2025 15:00,10836.9,2147.6,2437.9
11/3/2025 16:00,10815,2137.5,2398.4
11/3/2025 17:00,10545.4,2085.8,2364.1
11/3/2025 18:00,10262.1,2112.7,2328
11/3/2025 19:00,10550,2188.1,2438.6
11/3/2025 20:00,10663,2117.1,2317.6
11/3/2025 21:00,10296.9,2063.2,2258
11/3/2025 22:00,10063.9,1980,2156.1
11/3/2025 23:00,9837.3,1853.7,2051.7
11/4/2025 00:00,9430.1,1758,1947.1
11/4/2025 01:00,9187.5,1690.2,1849.1
11/4/2025 02:00,9039.5,1622,1780.4
11/4/2025 03:00,8670.8,1576.1,1736.1
11/4/2025 04:00,8554.4,1549.6,1713.7
11/4/2025 05:00,8617,1564.7,1755
11/4/2025 06:00,8671.7,1677.6,1862.9
11/4/2025 07:00,8674.8,1631.4,1799.7
11/4/2025 08:00,8952.8,1677.9,1815.8
11/4/2025 09:00,9756,1914.7,2091.6
11/4/2025 10:00,10338.4,2043,2242
11/4/2025 11:00,10698.5,2109.7,2352.2
11/4/2025 12:00,10611.4,2130.1,2368.4
11/4/2025 13:00,10542,2091.1,2359.5
11/4/2025 14:00,10946.1,2162.4,2460.7
11/4/2025 15:00,10842,2173,2472.5
11/4/2025 16:00,10951.4,2137.5,2396.9
11/4/2025 17:00,10624.7,2113.3,2366.3
11/4/2025 18:00,10295.7,2112.7,2329.3
11/4/2025 19:00,10544.9,2209.6,2456
11/4/2025 20:00,10593.5,2135.3,2342.6
11/4/2025 21:00,10347.8,2082.4,2277.8
11/4/2025 22:00,10068.9,1993.9,2171.5
11/4/2025 23:00,9833.5,1880.5,2062
11/5/2025 00:00,9446.1,1759.5,1943.5
11/5/2025 01:00,9223.1,1704.6,1842.7
11/5/2025 02:00,9076.5,1624.1,1782.6
11/5/2025 03:00,8652.6,1578.6,1730.3
11/5/2025 04:00,8555.9,1553.7,1710.9
11/5/2025 05:00,8590.5,1572.1,1760.2
11/5/2025 06:00,8672,1673.1,1870.8
11/5/2025 07:00,8714.6,1640.6,1800.1
11/5/2025 08:00,9022.8,1696.3,1816.1
11/5/2025 09:00,9818,1926.1,2097.4
11/5/2025 10:00,10543.4,2099.6,2251.8
11/5/2025 11:00,10948.9,2204.8,2372
11/5/2025 12:00,10995.4,2206.6,2396.2
11/5/2025 13:00,10856.7,2165.6,2378.8
11/5/2025 14:00,11274.8,2296.2,2479.1
11/5/2025 15:00,11242.9,2317.7,2504
11/5/2025 16:00,11200.1,2278.5,2451.9
11/5/2025 17:00,10857.2,2244.4,2406.1
11/5/2025 18:00,10583,2197.9,2367.7
11/5/2025 19:00,10744.4,2268.6,2478.9
11/5/2025 20:00,10721,2187.5,2367.3
11/5/2025 21:00,10426.3,2122.5,2304.5
11/5/2025 22:00,10270.7,2014.8,2185.4
11/5/2025 23:00,10041.1,1905.2,2074.5
11/6/2025 00:00,9614.2,1778,1950.3
11/6/2025 01:00,9395.6,1708.9,1848.5
11/6/2025 02:00,9157.8,1637.7,1783.3
11/6/2025 03:00,8807.7,1579.4,1737.3
11/6/2025 04:00,8673.2,1554.9,1716.6
11/6/2025 05:00,8729.8,1574.3,1768.2
11/6/2025 06:00,8786.8,1670.6,1878.5
11/6/2025 07:00,8778.9,1643.4,1805
11/6/2025 08:00,9106.7,1711.3,1823.1
11/6/2025 09:00,9909.2,1971,2099.2
11/6/2025 10:00,10662.4,2148.7,2263.5
11/6/2025 11:00,11068.7,2238.7,2378
11/6/2025 12:00,11151.5,2241.8,2413.5
11/6/2025 13:00,10940.9,2205,2393.9
11/6/2025 14:00,11434,2329.5,2494.9
11/6/2025 15:00,11437.8,2345.5,2513.5
11/6/2025 16:00,11469,2297.3,2478.4
11/6/2025 17:00,11184.8,2264.4,2426.2
11/6/2025 18:00,10712.3,2230.2,2386.5
11/6/2025 19:00,10951,2295.4,2485.8
11/6/2025 20:00,10926.7,2216.5,2357.5
11/6/2025 21:00,10578.8,2146.5,2266.6
11/6/2025 22:00,10401.4,2048.1,2154.5
11/6/2025 23:00,10176,1924.6,2042.8
11/7/2025 00:00,9619.4,1811.7,1919.5
11/7/2025 01:00,9448.7,1723.6,1824
11/7/2025 02:00,9253,1653.1,1764.4
11/7/2025 03:00,8732.2,1591.9,1719.7
11/7/2025 04:00,8656.8,1577.2,1702.3
11/7/2025 05:00,8784.1,1596.1,1753.7
11/7/2025 06:00,8763,1688.6,1866.6
11/7/2025 07:00,8768.4,1661.9,1794
11/7/2025 08:00,9097.1,1722.7,1818.3
11/7/2025 09:00,9941.6,1992.1,2099.7
11/7/2025 10:00,10641.4,2172.3,2258.2
11/7/2025 11:00,11005.1,2249,2370.2
11/7/2025 12:00,11090.5,2269.5,2409.8
11/7/2025 13:00,10923.4,2227.9,2398.4
11/7/2025 14:00,11423.4,2331,2499.6
11/7/2025 15:00,11486.6,2360.7,2507.3
11/7/2025 16:00,11449,2320.1,2476.5
11/7/2025 17:00,11068.9,2278.7,2424.1
11/7/2025 18:00,10756.9,2239.9,2369.3
11/7/2025 19:00,10908.5,2303.4,2480.2
11/7/2025 20:00,10833.5,2212,2354.6
11/7/2025 21:00,10637.3,2155,2280.4
11/7/2025 22:00,10371.8,2058.2,2171
11/7/2025 23:00,10145.7,1941.8,2076.5
11/8/2025 00:00,9727.2,1812.7,1956.9
11/8/2025 01:00,9514.7,1733.1,1864.1
11/8/2025 02:00,9281.8,1660.2,1789.9
11/8/2025 03:00,8896.1,1607.5,1743
11/8/2025 04:00,8724.9,1578,1705.6
11/8/2025 05:00,8709.9,1577.2,1731.5
11/8/2025 06:00,8557,1617.1,1795.7
11/8/2025 07:00,8467,1620.8,1774.2
11/8/2025 08:00,8627,1674.1,1810.1
11/8/2025 09:00,9348,1845.5,1971.3
11/8/2025 10:00,9961,1975.9,2080.1
11/8/2025 11:00,10403.9,2065.4,2194.6
11/8/2025 12:00,10585.3,2072,2215.2
11/8/2025 13:00,10386.7,2038.3,2233.7
11/8/2025 14:00,10672.6,2128.2,2313.4
11/8/2025 15:00,10705.1,2143.6,2320.5
11/8/2025 16:00,10516.5,2126.6,2299.9
11/8/2025 17:00,10237.8,2080.6,2258.6
11/8/2025 18:00,10203.6,2102.3,2320.3
11/8/2025 19:00,10604.6,2244.4,2429
11/8/2025 20:00,10503.2,2177,2323.7
11/8/2025 21:00,10353.1,2121.2,2274.4
11/8/2025 22:00,10093.9,2041.5,2186.2
11/8/2025 23:00,9679.3,1933.4,2065.8
11/9/2025 00:00,9464,1818.5,1967.6
11/9/2025 01:00,9307.9,1751,1884.1
11/9/2025 02:00,9087.6,1681.9,1810.8
11/9/2025 03:00,8802.2,1620.9,1759.5
11/9/2025 04:00,8571.5,1568.9,1716.4
11/9/2025 05:00,8423.2,1558.9,1719.2
11/9/2025 06:00,8326.7,1571.3,1747
11/9/2025 07:00,8189,1555.5,1720.9
11/9/2025 08:00,8325.4,1599.4,1734
11/9/2025 09:00,8777.3,1680.5,1823
11/9/2025 10:00,9302.2,1776.9,1910.3
11/9/2025 11:00,9673.6,1839,2035
11/9/2025 12:00,9669.9,1873.9,2093
11/9/2025 13:00,9601.8,1889.8,2049
11/9/2025 14:00,9707.4,1928.2,2135.3
11/9/2025 15:00,9646.8,1955,2126.2
11/9/2025 16:00,9743.4,1945.6,2092.6
11/9/2025 17:00,9639.2,1959.3,2089.4
11/9/2025 18:00,9769.1,2028.1,2193.2
11/9/2025 19:00,10340.7,2176.9,2324.8
11/9/2025 20:00,10269.3,2107.3,2259.1
11/9/2025 21:00,10159.5,2065.5,2223.1
11/9/2025 22:00,9915.6,1971.8,2135
11/9/2025 23:00,9552.1,1876.4,2013
11/10/2025 00:00,9574.1,1814.9,1965.9
11/10/2025 01:00,9292,1745.9,1861
11/10/2025 02:00,9119.1,1675.2,1791.8
11/10/2025 03:00,8818.9,1624.6,1746
11/10/2025 04:00,8600,1590.1,1718.3
11/10/2025 05:00,8608.5,1599.8,1755.8
11/10/2025 06:00,8701.3,1661.9,1845.4
11/10/2025 07:00,8621.4,1634.1,1781.1
11/10/2025 08:00,8910.2,1690.9,1791.6
11/10/2025 09:00,9752.2,1959.5,2072.5
11/10/2025 10:00,10218.2,2099.6,2227.6
11/10/2025 11:00,10656.9,2156.7,2336.9
11/10/2025 12:00,10618.5,2219.6,2375.5
11/10/2025 13:00,10503.6,2198.6,2357.4
11/10/2025 14:00,11004.4,2304.6,2466.6
11/10/2025 15:00,11141.3,2317.7,2483
11/10/2025 16:00,11126.7,2219.2,2429.4
11/10/2025 17:00,10837.1,2223.3,2388.3
11/10/2025 18:00,10493.3,2181.5,2343.4
11/10/2025 19:00,10724.5,2258.7,2446.2
11/10/2025 20:00,10611.5,2179,2342.1
11/10/2025 21:00,10485.9,2117.5,2288
11/10/2025 22:00,10155.6,2022.5,2192.7
11/10/2025 23:00,9955.1,1915.9,2075.2
11/11/2025 00:00,9683.4,1823.9,1965.4
11/11/2025 01:00,9335.8,1734.8,1854.1
11/11/2025 02:00,9170.8,1664.4,1799.4
11/11/2025 03:00,8748.7,1616.1,1749.3
11/11/2025 04:00,8699.6,1578.5,1725.4
11/11/2025 05:00,8688,1595.1,1773.2
11/11/2025 06:00,8805.2,1679.9,1876.2
11/11/2025 07:00,8683.7,1651.5,1799.3
11/11/2025 08:00,9072.6,1700.2,1822.4
11/11/2025 09:00,9792.6,1988.6,2100
11/11/2025 10:00,10327.1,2148.7,2256.2
11/11/2025 11:00,10760,2224.2,2367.4
11/11/2025 12:00,11025.7,2246.6,2407.3
11/11/2025 13:00,10608,2226,2378.2
11/11/2025 14:00,11234,2340.6,2491.1
11/11/2025 15:00,11359.7,2352.3,2455.1
11/11/2025 16:00,11076.5,2288,2441.9
11/11/2025 17:00,10679.3,2266.3,2412.7
11/11/2025 18:00,10642.7,2225.2,2372
11/11/2025 19:00,10840.2,2292.4,2430.3
11/11/2025 20:00,10714.5,2200.7,2312.4
11/11/2025 21:00,10596.8,2146.2,2261.8
11/11/2025 22:00,10228,2050.4,2156.7
11/11/2025 23:00,10006.9,1939.2,2056
11/12/2025 00:00,9678.5,1825.5,1935.9
11/12/2025 01:00,9268,1741,1835.1
11/12/2025 02:00,9186.6,1661.1,1779.5
11/12/2025 03:00,8823.2,1613.5,1734.2
11/12/2025 04:00,8664.7,1575,1704.9
11/12/2025 05:00,8712.1,1593.6,1755.2
11/12/2025 06:00,8822.3,1684.6,1865.9
11/12/2025 07:00,8739.7,1656.8,1792.3
11/12/2025 08:00,9011,1712.5,1825.1
11/12/2025 09:00,9891.9,1997.4,2091.6
11/12/2025 10:00,10483.3,2163.5,2246.7
11/12/2025 11:00,10790.6,2244.6,2367
11/12/2025 12:00,11075.4,2253.9,2407.9
11/12/2025 13:00,10685.8,2234.2,2384.4
11/12/2025 14:00,11303.6,2342.9,2488.3
11/12/2025 15:00,11410.1,2355.9,2477.6
11/12/2025 16:00,11227.7,2308.7,2445.7
11/12/2025 17:00,10820.4,2279.3,2403.6
11/12/2025 18:00,10762.4,2238.4,2353.7
11/12/2025 19:00,10742.5,2302.5,2453.5
11/12/2025 20:00,10805.3,2220.5,2341.1
11/12/2025 21:00,10661.3,2153.6,2278.9
11/12/2025 22:00,10249.9,2058.9,2171.7
11/12/2025 23:00,10022.6,1934.9,2072.7
11/13/2025 00:00,9677.1,1826,1948
11/13/2025 01:00,9328.4,1733.3,1846.3
11/13/2025 02:00,9121,1660.2,1789
11/13/2025 03:00,8791.1,1612.7,1738.5
11/13/2025 04:00,8654.2,1583.2,1714.8
11/13/2025 05:00,8719.4,1601.9,1766.7
11/13/2025 06:00,8773.6,1692.8,1877
11/13/2025 07:00,8756.6,1658.3,1802.6
11/13/2025 08:00,9033.3,1716.1,1825.9
11/13/2025 09:00,9892.8,1999.3,2089.1
11/13/2025 10:00,10530.3,2168,2243.9
11/13/2025 11:00,10854.3,2250.7,2366.9
11/13/2025 12:00,11101.8,2256,2408.1
11/13/2025 13:00,10900,2225.7,2376.5
11/13/2025 14:00,11324.6,2335,2487.4
11/13/2025 15:00,11430.7,2321.2,2484.3
11/13/2025 16:00,11273.4,2282.3,2456.7
11/13/2025 17:00,11012.6,2261.8,2389.4
11/13/2025 18:00,10772.1,2233.3,2337
11/13/2025 19:00,10761.3,2305.6,2446.5
11/13/2025 20:00,10892.6,2199.1,2337.4
11/13/2025 21:00,10631.2,2127,2271.6
11/13/2025 22:00,10325.7,2034.3,2176.2
11/13/2025 23:00,10027.3,1904.6,2068.3
11/14/2025 00:00,9623.2,1795.9,1942.6
11/14/2025 01:00,9346.9,1717.4,1841.9
11/14/2025 02:00,9101.1,1648.4,1776.4
11/14/2025 03:00,8747.2,1600.6,1731
11/14/2025 04:00,8651,1576.4,1711.2
11/14/2025 05:00,8662.3,1595.7,1763.7
11/14/2025 06:00,8774.7,1688.4,1875
11/14/2025 07:00,8720.5,1658.8,1801
11/14/2025 08:00,9036.5,1707.7,1811.5
11/14/2025 09:00,9854,1923.7,2064.8
11/14/2025 10:00,10538.8,2080.1,2218.9
11/14/2025 11:00,10900.6,2140.8,2333
11/14/2025 12:00,11092.7,2164.9,2379.1
11/14/2025 13:00,10748.6,2150.1,2363
11/14/2025 14:00,11271.9,2279.8,2476.2
11/14/2025 15:00,11347.2,2285.2,2486.4
11/14/2025 16:00,11236.1,2246.9,2450.1
11/14/2025 17:00,10912.2,2228.6,2396.6
11/14/2025 18:00,10732.3,2219,2354.4
11/14/2025 19:00,10711,2282.2,2458.3
11/14/2025 20:00,10625.1,2192.6,2336.3
11/14/2025 21:00,10475.5,2119,2269.4
11/14/2025 22:00,10204.2,2026.9,2165
11/14/2025 23:00,9950.1,1912.4,2067
11/15/2025 00:00,9722,1808,1961.1
11/15/2025 01:00,9467.9,1709.8,1866.7
11/15/2025 02:00,9228.2,1638.4,1786.6
11/15/2025 03:00,8831.5,1592.9,1743.9
11/15/2025 04:00,8706.9,1560,1705.2
11/15/2025 05:00,8579.3,1573.8,1731.3
11/15/2025 06:00,8557,1614.3,1795.4
11/15/2025 07:00,8467,1616.3,1776.3
11/15/2025 08:00,8614.6,1657.1,1808.1
11/15/2025 09:00,9262.2,1835,1971.3
11/15/2025 10:00,9891.6,1975.9,2080.1
11/15/2025 11:00,10219.8,2050.8,2186.8
11/15/2025 12:00,10382,2065.6,2204.9
11/15/2025 13:00,10242.1,2038.3,2224.6
11/15/2025 14:00,10707.8,2117.5,2313.4
11/15/2025 15:00,10475.2,2135.5,2308.8
11/15/2025 16:00,10420.3,2121.6,2259.2
11/15/2025 17:00,10251.2,2076.7,2234.2
11/15/2025 18:00,10161,2102.3,2287.2
11/15/2025 19:00,10532.1,2233.7,2397.4
11/15/2025 20:00,10433.4,2159,2302.6
11/15/2025 21:00,10306.3,2099.7,2255.7
11/15/2025 22:00,10048.7,2024.5,2169.2
11/15/2025 23:00,9691.1,1918.7,2045.2
11/16/2025 00:00,9481.6,1815.8,1962.6
11/16/2025 01:00,9310.7,1736.3,1882.3
11/16/2025 02:00,9075.4,1661,1807.1
11/16/2025 03:00,8790.6,1608.2,1755.5
11/16/2025 04:00,8535.7,1563.5,1712.9
11/16/2025 05:00,8377.5,1557.8,1719.2
11/16/2025 06:00,8306.7,1570.4,1746.9
11/16/2025 07:00,8211.2,1555.5,1721.6
11/16/2025 08:00,8324.8,1599.4,1723
11/16/2025 09:00,8802.2,1679.8,1800.5
11/16/2025 10:00,9403.2,1776.9,1845.8
11/16/2025 11:00,9773.1,1845.4,1936.6
11/16/2025 12:00,9809.4,1867.7,2007.2
11/16/2025 13:00,9980,1889.8,2049
11/16/2025 14:00,10176.2,1928.2,2098.3
11/16/2025 15:00,10176.2,1955,2106.5
11/16/2025 16:00,10269,1945.6,2083.1
11/16/2025 17:00,9712.1,1934.7,2079.8
11/16/2025 18:00,9716.9,2009.5,2186.8
11/16/2025 19:00,10300.3,2162.1,2301.5
11/16/2025 20:00,10157.7,2079.6,2229.4
11/16/2025 21:00,10162.5,2035.8,2199.3
11/16/2025 22:00,9938.6,1966.7,2113.5
11/16/2025 23:00,9634.6,1872,1991.9
11/17/2025 00:00,9564.2,1813,1946.9
11/17/2025 01:00,9333.4,1731.9,1843.6
11/17/2025 02:00,9066.2,1660.1,1781.8
11/17/2025 03:00,8801.8,1611.1,1736.1
11/17/2025 04:00,8589.2,1579.8,1710.6
11/17/2025 05:00,8612.3,1582.5,1749.5
11/17/2025 06:00,8685.6,1661.1,1845.4
11/17/2025 07:00,8592,1641.7,1776.7
11/17/2025 08:00,8878,1690.9,1790.1
11/17/2025 09:00,9723.4,1959.5,2056.1
11/17/2025 10:00,10306.9,2124.6,2218.9
11/17/2025 11:00,10849.6,2204.8,2318
11/17/2025 12:00,10841.2,2220.5,2366.6
11/17/2025 13:00,10802,2187.8,2348.3
11/17/2025 14:00,10983.4,2296.2,2456.5
11/17/2025 15:00,11104.6,2311,2474
11/17/2025 16:00,11066.5,2270.1,2398.4
11/17/2025 17:00,10927.2,2236.2,2352.8
11/17/2025 18:00,10461.8,2197.9,2316.9
11/17/2025 19:00,10702,2267,2428.7
11/17/2025 20:00,10692.1,2172.4,2317.6
11/17/2025 21:00,10541.8,2121.6,2271
11/17/2025 22:00,10162.5,2020.9,2158.7
11/17/2025 23:00,9902.6,1914.6,2053.4
11/18/2025 00:00,9657.6,1823.3,1942.2
11/18/2025 01:00,9259.1,1730.5,1841.1
11/18/2025 02:00,9077.5,1659.9,1783.1
11/18/2025 03:00,8825.7,1612,1739
11/18/2025 04:00,8559.8,1584.7,1709.9
11/18/2025 05:00,8624.2,1598.5,1758.6
11/18/2025 06:00,8748.3,1686.5,1865.6
11/18/2025 07:00,8682.3,1661.4,1793.2
11/18/2025 08:00,8966.7,1709.7,1815.3
11/18/2025 09:00,9827.7,1988.6,2078.4
11/18/2025 10:00,10443,2156.3,2244.8
11/18/2025 11:00,10933.4,2229,2342.6
11/18/2025 12:00,10928.1,2246,2395.6
11/18/2025 13:00,10935.1,2211.7,2365.7
11/18/2025 14:00,11286.2,2321,2466.9
11/18/2025 15:00,11238.7,2336,2483.3
11/18/2025 16:00,11250.1,2294.7,2432.6
11/18/2025 17:00,10937.4,2248.9,2394
11/18/2025 18:00,10580.2,2208.4,2356.8
11/18/2025 19:00,10786.3,2270.6,2463
11/18/2025 20:00,10744.8,2184.6,2351.2
11/18/2025 21:00,10650.8,2134.3,2292.6
11/18/2025 22:00,10292.3,2037.3,2181.5
11/18/2025 23:00,9983.8,1927.5,2071.9
11/19/2025 00:00,9617.3,1815.2,1949.9
11/19/2025 01:00,9236.7,1730.1,1848
11/19/2025 02:00,9010.7,1659.8,1790.1
11/19/2025 03:00,8832.9,1612.3,1739.9
11/19/2025 04:00,8616,1586.1,1716.3
11/19/2025 05:00,8686.9,1603.4,1767.7
11/19/2025 06:00,8709,1694.2,1871.6
11/19/2025 07:00,8698.2,1667.4,1802.9
11/19/2025 08:00,8974.7,1722.2,1815.9
11/19/2025 09:00,9810.2,1997.4,2085.1
11/19/2025 10:00,10329.8,2165.8,2231.2
11/19/2025 11:00,10910.6,2246,2349.9
11/19/2025 12:00,11040.3,2253.7,2385.6
11/19/2025 13:00,10975.2,2218.9,2380.6
11/19/2025 14:00,11260.3,2328.5,2481
11/19/2025 15:00,11230.9,2343.5,2486
11/19/2025 16:00,11270,2278.1,2431.2
11/19/2025 17:00,11048,2252.7,2363.8
11/19/2025 18:00,10626.4,2211.6,2337.9
11/19/2025 19:00,10858.8,2286.9,2449.3
11/19/2025 20:00,10808.4,2202.3,2327.8
11/19/2025 21:00,10683.8,2138.1,2275.6
11/19/2025 22:00,10331.7,2042.2,2166.6
11/19/2025 23:00,10015.6,1931.4,2055
11/20/2025 00:00,9673.7,1812.8,1931.3
11/20/2025 01:00,9310.8,1730,1823.8
11/20/2025 02:00,9130.8,1659.8,1766.5
11/20/2025 03:00,8773.4,1612.4,1720.5
11/20/2025 04:00,8507,1586.6,1702.2
11/20/2025 05:00,8582.4,1604.8,1753.6
11/20/2025 06:00,8769.5,1696.5,1854.2
11/20/2025 07:00,8714.2,1669.2,1793.3
11/20/2025 08:00,9018.9,1719.1,1808.6
11/20/2025 09:00,9897.2,2000.1,2075.7
11/20/2025 10:00,10489.8,2168.7,2239.2
11/20/2025 11:00,10951.7,2251.2,2352.1
11/20/2025 12:00,10987.7,2241.9,2392.4
11/20/2025 13:00,10987.3,2221.1,2385.1
11/20/2025 14:00,11370.5,2330.7,2485.2
11/20/2025 15:00,11116.7,2345.7,2508.1
11/20/2025 16:00,11143.6,2297.2,2452.3
11/20/2025 17:00,10979,2253.8,2405.3
11/20/2025 18:00,10585.5,2226.8,2370.3
11/20/2025 19:00,10833.4,2300.9,2476.9
11/20/2025 20:00,10779.8,2207.7,2354.3
11/20/2025 21:00,10638.1,2152.5,2294
11/20/2025 22:00,10281.2,2043.7,2183.9
11/20/2025 23:00,10018,1932.5,2080.2
11/21/2025 00:00,9690.9,1823.3,1946.6
11/21/2025 01:00,9333.4,1739.6,1842.8
11/21/2025 02:00,9167.4,1668.5,1778.5
11/21/2025 03:00,8885.4,1612.4,1734.3
11/21/2025 04:00,8600,1586.7,1714
11/21/2025 05:00,8674.2,1605.3,1766.2
11/21/2025 06:00,8821,1697.2,1873.5
11/21/2025 07:00,8745.1,1669.7,1798.2
11/21/2025 08:00,9032.1,1718.1,1813.9
11/21/2025 09:00,9971.9,2000.9,2072.9
11/21/2025 10:00,10583.5,2169.6,2241.6
11/21/2025 11:00,11064,2252.7,2352.8
11/21/2025 12:00,11086.7,2252.4,2384.7
11/21/2025 13:00,10937.4,2221.7,2365.5
11/21/2025 14:00,11344.9,2339.9,2475.5
11/21/2025 15:00,11357.5,2354,2493.5
11/21/2025 16:00,11197.1,2302.9,2448.8
11/21/2025 17:00,11006.8,2267.2,2401.4
11/21/2025 18:00,10675.9,2231.4,2341.9
11/21/2025 19:00,10873,2296,2453.4
11/21/2025 20:00,10819.1,2209.3,2341.4
11/21/2025 21:00,10624.2,2143.6,2288.6
11/21/2025 22:00,10259,2044.1,2179.9
11/21/2025 23:00,10018.8,1903.9,2070.6
11/22/2025 00:00,9742.3,1810,1965
11/22/2025 01:00,9449.2,1731.9,1867
11/22/2025 02:00,9240.8,1658.5,1791.3
11/22/2025 03:00,8943.1,1609.2,1744.9
11/22/2025 04:00,8691.6,1574.1,1706
11/22/2025 05:00,8640.7,1576.6,1732
11/22/2025 06:00,8557,1614.3,1795.4
11/22/2025 07:00,8467,1619.6,1775.5
11/22/2025 08:00,8627,1667.7,1811.7
11/22/2025 09:00,9348,1849.7,1974.1
11/22/2025 10:00,9961,1980.8,2080.1
11/22/2025 11:00,10469.3,2059.3,2202
11/22/2025 12:00,10605.6,2065.6,2225.4
11/22/2025 13:00,10462.1,2050.1,2242.9
11/22/2025 14:00,10707.8,2128.2,2332.9
11/22/2025 15:00,10699.1,2143.6,2331.8
11/22/2025 16:00,10579.4,2135.6,2327
11/22/2025 17:00,10280.7,2086.9,2299.5
11/22/2025 18:00,10161,2104.3,2321.4
11/22/2025 19:00,10593.9,2233.5,2429.3
11/22/2025 20:00,10506,2164,2327.5
11/22/2025 21:00,10368.5,2107,2284.4
11/22/2025 22:00,10065.1,2029.6,2181.2
11/22/2025 23:00,9711.7,1920,2064
11/23/2025 00:00,9487.7,1816.4,1976.3
11/23/2025 01:00,9305.1,1743,1885
11/23/2025 02:00,9098.6,1658.8,1808.5
11/23/2025 03:00,8824.2,1606.3,1755.8
11/23/2025 04:00,8531.1,1567.7,1713.1
11/23/2025 05:00,8422.4,1558.7,1716.6
11/23/2025 06:00,8326.7,1570.4,1742.1
11/23/2025 07:00,8211.2,1555.5,1718.7
11/23/2025 08:00,8369.5,1599.4,1733.9
11/23/2025 09:00,8859,1679.8,1823
11/23/2025 10:00,9387.2,1789,1883.6
11/23/2025 11:00,9839.2,1839,2032.2
11/23/2025 12:00,9883,1873.9,2093
11/23/2025 13:00,9925.1,1889.8,2109.4
11/23/2025 14:00,10099.6,1936.8,2098.3
11/23/2025 15:00,10051.2,1967.1,2048.8
11/23/2025 16:00,10217.2,1958.9,2036
11/23/2025 17:00,9789.7,1971.1,2054.6
11/23/2025 18:00,9835.9,2028.1,2172.3
11/23/2025 19:00,10367.6,2173.6,2315.2
11/23/2025 20:00,10270.2,2092.4,2248.8
11/23/2025 21:00,10186.8,2050.6,2216.1
11/23/2025 22:00,9951,1983,2124.1
11/23/2025 23:00,9569,1887.2,2004.6
11/24/2025 00:00,9497.1,1824.4,1960.2
11/24/2025 01:00,9178.9,1743.5,1853.5
11/24/2025 02:00,9024.1,1668.2,1791.1
11/24/2025 03:00,8770.8,1620.2,1744.9
11/24/2025 04:00,8542.4,1589.7,1717.3
11/24/2025 05:00,8567.2,1599.8,1755
11/24/2025 06:00,8687.3,1676.2,1850.7
11/24/2025 07:00,8610.3,1649.2,1780.5
11/24/2025 08:00,8896.4,1697.7,1791.5
11/24/2025 09:00,9776,1959.5,2032.9
11/24/2025 10:00,10319.5,2099.6,2174
11/24/2025 11:00,10849.6,2130.6,2282.4
11/24/2025 12:00,10869.2,2130.1,2328.1
11/24/2025 13:00,10802,2066.3,2327.7
11/24/2025 14:00,11114.6,2189.7,2435.7
11/24/2025 15:00,11182.7,2201.3,2437.9
11/24/2025 16:00,11141.8,2164.7,2398.4
11/24/2025 17:00,10879.5,2140.8,2352.8
11/24/2025 18:00,10472.3,2136.4,2305.8
11/24/2025 19:00,10732.6,2205.7,2414.9
11/24/2025 20:00,10611.8,2144.4,2297.4
11/24/2025 21:00,10488,2096.3,2252.9
11/24/2025 22:00,10159.4,1994.8,2149.5
11/24/2025 23:00,9882.7,1890.4,2048
11/25/2025 00:00,9561.3,1815.5,1946.2
11/25/2025 01:00,9141,1734,1844
11/25/2025 02:00,8994.7,1637.8,1785.9
11/25/2025 03:00,8688.9,1591.7,1732.9
11/25/2025 04:00,8485.1,1578.4,1711.9
11/25/2025 05:00,8546.7,1603.8,1760.3
11/25/2025 06:00,8690.8,1683.4,1867.1
11/25/2025 07:00,8676.6,1656.1,1794.4
11/25/2025 08:00,8995.4,1702.2,1815.8
11/25/2025 09:00,9794.8,1961.5,2079.7
11/25/2025 10:00,10293.3,2140,2231.3
11/25/2025 11:00,10721.4,2206.7,2341.4
11/25/2025 12:00,10846.1,2206.6,2375.1
11/25/2025 13:00,10719.6,2165.6,2359.5
11/25/2025 14:00,11141.8,2296.2,2471.6
11/25/2025 15:00,11118.4,2311,2484.6
11/25/2025 16:00,11191.4,2278.5,2442.4
11/25/2025 17:00,10917.7,2223.3,2394
11/25/2025 18:00,10588.6,2190.1,2353.5
11/25/2025 19:00,10702.5,2267.4,2466.5
11/25/2025 20:00,10708.7,2176.2,2345.1
11/25/2025 21:00,10510.6,2139.8,2297
11/25/2025 22:00,10154.3,2029.4,2187.9
11/25/2025 23:00,9906.6,1908.1,2085.8
11/26/2025 00:00,9580.6,1812.9,1951.1
11/26/2025 01:00,9201,1731.2,1848.9
11/26/2025 02:00,8992.9,1641.7,1791
11/26/2025 03:00,8791.5,1595.5,1738.1
11/26/2025 04:00,8593.4,1575,1716.9
11/26/2025 05:00,8663.5,1596.3,1768.2
11/26/2025 06:00,8844.7,1685.6,1877.4
11/26/2025 07:00,8771.1,1658.1,1803.2
11/26/2025 08:00,9060,1713.1,1829.7
11/26/2025 09:00,9940.9,1989.3,2102.1
11/26/2025 10:00,10467.5,2160.9,2266.2
11/26/2025 11:00,10994.3,2249,2368.7
11/26/2025 12:00,11038.2,2250.8,2407.2
11/26/2025 13:00,10958.2,2225.9,2388.1
11/26/2025 14:00,11328.5,2329.5,2492.6
11/26/2025 15:00,11352.7,2350.2,2498.6
11/26/2025 16:00,11313.4,2305.8,2455.7
11/26/2025 17:00,11042.1,2266.3,2406.3
11/26/2025 18:00,10682.1,2235.2,2367.8
11/26/2025 19:00,10880.7,2295,2482
11/26/2025 20:00,10857.2,2213.1,2368.1
11/26/2025 21:00,10641.3,2153,2310.3
11/26/2025 22:00,10289.8,2052.5,2199.6
11/26/2025 23:00,9985,1925.5,2097.3
11/27/2025 00:00,9662.6,1823.3,1969.3
11/27/2025 01:00,9299.9,1730.3,1858.2
11/27/2025 02:00,9125.3,1654.3,1799.2
11/27/2025 03:00,8890.9,1607.3,1746.9
11/27/2025 04:00,8626.1,1583.2,1725
11/27/2025 05:00,8698.7,1602.7,1777
11/27/2025 06:00,8843.7,1693.9,1880.5
11/27/2025 07:00,8762.3,1658.7,1805.9
11/27/2025 08:00,9044.5,1716.3,1833.9
11/27/2025 09:00,9941.4,1997.6,2100.6
11/27/2025 10:00,10633.6,2158.4,2267.9
11/27/2025 11:00,11076.9,2242.3,2367.4
11/27/2025 12:00,11153.1,2255.1,2416.9
11/27/2025 13:00,10982.2,2234.2,2396.7
11/27/2025 14:00,11332.2,2347.2,2488.7
11/27/2025 15:00,11376.4,2362.1,2511.9
11/27/2025 16:00,11345.3,2314.1,2449.8
11/27/2025 17:00,11020.4,2279.3,2410
11/27/2025 18:00,10705.1,2241.4,2372.2
11/27/2025 19:00,10934.6,2303.3,2479.1
11/27/2025 20:00,10902.4,2224.3,2366.4
11/27/2025 21:00,10681,2157,2314.3
11/27/2025 22:00,10330.9,2059.6,2203.1
11/27/2025 23:00,10080.2,1930.8,2092.9
11/28/2025 00:00,9687.5,1826.5,1948.9
11/28/2025 01:00,9330.1,1739.7,1845.4
11/28/2025 02:00,9165.7,1666.9,1788.3
11/28/2025 03:00,8852.7,1610.9,1742.3
11/28/2025 04:00,8636,1585.7,1720.9
11/28/2025 05:00,8709.4,1595.9,1773.2
11/28/2025 06:00,8843.5,1688.8,1876.1
11/28/2025 07:00,8759.6,1658.9,1802
11/28/2025 08:00,9074.8,1717.3,1828.5
11/28/2025 09:00,9941.6,2000.1,2100.1
11/28/2025 10:00,10575.5,2166.5,2259.6
11/28/2025 11:00,11046.4,2240.3,2367.1
11/28/2025 12:00,11079.6,2256.4,2401.7
11/28/2025 13:00,11043.1,2225.6,2399.3
11/28/2025 14:00,11392.4,2336.3,2497.8
11/28/2025 15:00,11436.3,2358.9,2515.9
11/28/2025 16:00,11406.2,2324.3,2458
11/28/2025 17:00,11073.2,2283.2,2411.2
11/28/2025 18:00,10712,2243.3,2373.5
11/28/2025 19:00,10950.9,2296.7,2478.2
11/28/2025 20:00,10856.2,2214.3,2365.9
11/28/2025 21:00,10693,2144.9,2315.5
11/28/2025 22:00,10274,2048.9,2146.5
11/28/2025 23:00,10037.6,1932.3,2048.2
11/29/2025 00:00,9754,1819.3,1945.3
11/29/2025 01:00,9448.2,1740,1864.1
11/29/2025 02:00,9240.3,1667.5,1782.6
11/29/2025 03:00,8933.2,1613.2,1747.3
11/29/2025 04:00,8712,1577.2,1708.1
11/29/2025 05:00,8687.2,1577.1,1734.1
11/29/2025 06:00,8557,1617.4,1795.4
11/29/2025 07:00,8467,1619.9,1776.6
11/29/2025 08:00,8627,1667.4,1813.2
11/29/2025 09:00,9348,1845,1971.3
11/29/2025 10:00,9961,1975.9,2072.6
11/29/2025 11:00,10469.3,2065.4,2186.8
11/29/2025 12:00,10630.9,2072.6,2215.2
11/29/2025 13:00,10462.1,2055.5,2242.9
11/29/2025 14:00,10785.9,2128.2,2332.9
11/29/2025 15:00,10753.6,2165.1,2343
11/29/2025 16:00,10542.4,2131.5,2313.4
11/29/2025 17:00,10251.2,2086.9,2258.6
11/29/2025 18:00,10111.8,2109.9,2321.5
11/29/2025 19:00,10544.6,2246.3,2420
11/29/2025 20:00,10485,2177,2319.3
11/29/2025 21:00,10343.7,2118.3,2277.3
11/29/2025 22:00,10047,2038.7,2163.6
11/29/2025 23:00,9717.4,1930.5,2048.4
11/30/2025 00:00,9472.1,1820.4,1964.1
11/30/2025 01:00,9287.9,1753.1,1884.1
11/30/2025 02:00,9079,1684.1,1805.9
11/30/2025 03:00,8821.3,1621.8,1756.5
11/30/2025 04:00,8537.2,1576.4,1713.7
11/30/2025 05:00,8436.4,1566.5,1720
11/30/2025 06:00,8326.7,1571.4,1746.9
11/30/2025 07:00,8211.2,1555.5,1721.6
11/30/2025 08:00,8369.5,1599.4,1734
11/30/2025 09:00,8840.4,1694.3,1823
11/30/2025 10:00,9403.2,1795.7,1910.3
11/30/2025 11:00,9839.2,1862.3,2035
11/30/2025 12:00,9912,1889,2093
11/30/2025 13:00,10015,1904.7,2110
11/30/2025 14:00,10139.9,1946.6,2146.2
11/30/2025 15:00,10120,1978,2126.2
11/30/2025 16:00,10384.1,1969,2102.2
11/30/2025 17:00,9987.2,1971.1,2108.6
11/30/2025 18:00,9900.5,2032.5,2196
11/30/2025 19:00,10410.8,2181.8,2329.6
11/30/2025 20:00,10382.6,2107.3,2257.8
11/30/2025 21:00,10299.1,2054,2224
11/30/2025 22:00,10087.5,1985.7,2128.2
11/30/2025 23:00,9642.5,1901.9,2007.8
12/1/2025 00:00,9629.6,1825.6,1964.9
12/1/2025 01:00,9326.4,1746.5,1861
12/1/2025 02:00,9081.4,1675.9,1797
12/1/2025 03:00,8831.6,1624.9,1752.4
12/1/2025 04:00,8609.1,1592.3,1724
12/1/2025 05:00,8630.1,1593.7,1762.4
12/1/2025 06:00,8640.4,1668.6,1850.7
12/1/2025 07:00,8573.6,1641.7,1781.4
12/1/2025 08:00,8855.2,1690.9,1791.6
12/1/2025 09:00,9771.2,1959.5,2032.9
12/1/2025 10:00,10378.8,2018.5,2185.9
12/1/2025 11:00,10849.6,2052.4,2294.3
12/1/2025 12:00,10863.6,2079.1,2338.2
12/1/2025 13:00,10796.7,2066.3,2316.7
12/1/2025 14:00,11114.6,2189.7,2409.4
12/1/2025 15:00,11182.7,2201.3,2422.6
12/1/2025 16:00,11136.8,2191.9,2386.5
12/1/2025 17:00,10545.4,2195.8,2352.8
12/1/2025 18:00,10410.5,2160.1,2316.9
12/1/2025 19:00,10614.6,2245.2,2428.7
12/1/2025 20:00,10575.1,2148.8,2312.6
12/1/2025 21:00,10515.8,2097.3,2267.6
12/1/2025 22:00,10200.6,2012.4,2163.2
12/1/2025 23:00,9905,1911.6,2048.9
12/2/2025 00:00,9677.5,1797.6,1923.8
12/2/2025 01:00,9338.2,1721.4,1846.3
12/2/2025 02:00,9152.3,1653.1,1787.6
12/2/2025 03:00,8903.2,1605.5,1743.9
12/2/2025 04:00,8695.9,1579.2,1720.6
12/2/2025 05:00,8688.7,1593.2,1762.5
12/2/2025 06:00,8782.1,1669.2,1867.1
12/2/2025 07:00,8702.8,1653.8,1794.6
12/2/2025 08:00,9017.7,1709.7,1808.8
12/2/2025 09:00,9885.5,1996.3,2060.1
12/2/2025 10:00,10498.9,2133.2,2213.7
12/2/2025 11:00,10977.9,2214.4,2323.4
12/2/2025 12:00,10986.8,2220.5,2378.1
12/2/2025 13:00,10928.2,2187.8,2356.2
12/2/2025 14:00,11261.5,2296.2,2452.8
12/2/2025 15:00,11325.1,2311,2467.9
12/2/2025 16:00,11291.8,2271.3,2429
12/2/2025 17:00,10929.2,2236.8,2385.6
12/2/2025 18:00,10623,2211.3,2356.8
12/2/2025 19:00,10807.1,2279.3,2463
12/2/2025 20:00,10757.1,2191.5,2349.7
12/2/2025 21:00,10704.6,2127,2280.7
12/2/2025 22:00,10303.8,2034.7,2182.8
12/2/2025 23:00,10055.8,1926.6,2070.5
12/3/2025 00:00,9768.4,1818.7,1923.5
12/3/2025 01:00,9341.7,1737,1841.9
12/3/2025 02:00,9173.9,1666.5,1775.9
12/3/2025 03:00,8856.4,1610.3,1741.4
12/3/2025 04:00,8722.3,1584.5,1719.5
12/3/2025 05:00,8706.4,1601.8,1768.9
12/3/2025 06:00,8824.8,1681.4,1872.1
12/3/2025 07:00,8741.7,1665.1,1798.6
12/3/2025 08:00,9031.8,1722.2,1821
12/3/2025 09:00,9919.9,1999.7,2087.9
12/3/2025 10:00,10535,2167.6,2252
12/3/2025 11:00,11077.5,2241.6,2353.8
12/3/2025 12:00,11143.2,2246,2408.1
12/3/2025 13:00,10919.6,2222.7,2387.1
12/3/2025 14:00,10971.7,2329.5,2486.9
12/3/2025 15:00,11368.1,2343.5,2502.6
12/3/2025 16:00,11389.9,2303.7,2451.7
12/3/2025 17:00,11094,2262.1,2411.9
12/3/2025 18:00,10687.2,2234.2,2368.8
12/3/2025 19:00,10912.3,2298.6,2473.4
12/3/2025 20:00,10812.2,2204.4,2360.9
12/3/2025 21:00,10700.2,2149.1,2295.5
12/3/2025 22:00,10335.2,2054.2,2188.8
12/3/2025 23:00,10101.8,1931.1,2077
12/4/2025 00:00,9796.2,1825.1,1944.3
12/4/2025 01:00,9342.8,1741.7,1848.3
12/4/2025 02:00,9046.7,1661.8,1781.3
12/4/2025 03:00,8842.2,1611.8,1740.6
12/4/2025 04:00,8599.8,1586.1,1719.2
12/4/2025 05:00,8658.4,1595.7,1764.4
12/4/2025 06:00,8790.1,1692.6,1873.6
12/4/2025 07:00,8716,1660.8,1799.8
12/4/2025 08:00,9036,1719.1,1824.6
12/4/2025 09:00,9881.7,1973.5,2096.3
12/4/2025 10:00,10485.7,2160.4,2254.8
12/4/2025 11:00,10994.9,2164.7,2353.3
12/4/2025 12:00,11070.9,2187.8,2408.1
12/4/2025 13:00,10965.2,2174.5,2387.1
12/4/2025 14:00,11165.5,2278.2,2497.2
12/4/2025 15:00,11381.1,2291.7,2513.1
12/4/2025 16:00,11322.4,2225.5,2458.5
12/4/2025 17:00,11041.5,2145,2411.7
12/4/2025 18:00,10658.6,2147,2379.7
12/4/2025 19:00,10844.2,2242.1,2476.5
12/4/2025 20:00,10769,2177.6,2364.2
12/4/2025 21:00,10574.2,2107.7,2309.8
12/4/2025 22:00,10207,2015.9,2199.8
12/4/2025 23:00,9972.5,1886.5,2043.5
12/5/2025 00:00,9651.4,1779.2,1917.7
12/5/2025 01:00,9262,1705.3,1833.4
12/5/2025 02:00,9071.6,1648.9,1763.8
12/5/2025 03:00,8837.9,1601.5,1720.7
12/5/2025 04:00,8563,1577.3,1703
12/5/2025 05:00,8638,1593.8,1752.6
12/5/2025 06:00,8779.6,1688.4,1865.1
12/5/2025 07:00,8708.3,1659.5,1800.2
12/5/2025 08:00,8995.5,1718.1,1818.7
12/5/2025 09:00,9870.2,1965.6,2079
12/5/2025 10:00,10464.5,2050.5,2246.3
12/5/2025 11:00,10963.3,2090,2353.1
12/5/2025 12:00,11049.2,2170.8,2399.1
12/5/2025 13:00,10925.4,2160.3,2387.1
12/5/2025 14:00,11164.4,2235.7,2490.1
12/5/2025 15:00,11265.4,2276.6,2516.3
12/5/2025 16:00,11296.9,2202.9,2460.6
12/5/2025 17:00,10971.7,2140.8,2403.3
12/5/2025 18:00,10587.2,2169.4,2355.9
12/5/2025 19:00,10735.7,2244.3,2439.3
12/5/2025 20:00,10690.6,2153.1,2331.7
12/5/2025 21:00,10465.6,2113.3,2280.8
12/5/2025 22:00,10105.2,2021.4,2172
12/5/2025 23:00,9867.7,1907,2059.6
12/6/2025 00:00,9680.6,1803,1953.7
12/6/2025 01:00,9413.2,1721.7,1860.5
12/6/2025 02:00,9204.8,1658.9,1786.9
12/6/2025 03:00,8919.8,1610.4,1740.9
12/6/2025 04:00,8637,1574.7,1702.8
12/6/2025 05:00,8557.7,1573.2,1727.9
12/6/2025 06:00,8557,1614.3,1795.4
12/6/2025 07:00,8446.7,1616.6,1776.1
12/6/2025 08:00,8627,1667.7,1813.2
12/6/2025 09:00,9315.3,1845,1971.3
12/6/2025 10:00,9946.8,1966.3,2080.1
12/6/2025 11:00,10419.3,2039,2194.6
12/6/2025 12:00,10536.1,2065.6,2215.2
12/6/2025 13:00,10401.8,2044.2,2242.9
12/6/2025 14:00,10633.6,2122.9,2323.2
12/6/2025 15:00,10578.1,2135.5,2331.8
12/6/2025 16:00,10472.1,2111.1,2313.4
12/6/2025 17:00,10227.1,2068.9,2258.6
12/6/2025 18:00,10141.8,2094.7,2316.2
12/6/2025 19:00,10527.7,2213.8,2399.9
12/6/2025 20:00,10437.6,2138.6,2293.3
12/6/2025 21:00,10275.6,2089.4,2250.9
12/6/2025 22:00,9996.4,2013.6,2163.7
12/6/2025 23:00,9637.7,1908.2,2035.5
12/7/2025 00:00,9450.1,1805.7,1952
12/7/2025 01:00,9277.4,1731.8,1872.8
12/7/2025 02:00,9033.9,1667.1,1794.3
12/7/2025 03:00,8817.2,1613.5,1750.3
12/7/2025 04:00,8477.8,1567.9,1708.7
12/7/2025 05:00,8371,1557.7,1715.4
12/7/2025 06:00,8306.7,1570.4,1742.1
12/7/2025 07:00,8191.1,1551,1718.9
12/7/2025 08:00,8340.8,1599.4,1733.9
12/7/2025 09:00,8814.6,1679.8,1823
12/7/2025 10:00,9367.7,1789,1910.3
12/7/2025 11:00,9787.3,1845.4,2035
12/7/2025 12:00,9795.9,1873.9,2093
12/7/2025 13:00,9814.7,1896.9,2109.4
12/7/2025 14:00,9977.6,1936.8,2140.7
12/7/2025 15:00,9921.1,1955,2106.5
12/7/2025 16:00,10044.6,1945.6,2083.1
12/7/2025 17:00,9860,1971.1,2079.8
12/7/2025 18:00,9830.2,2027.5,2190
12/7/2025 19:00,10375.2,2167.7,2320
12/7/2025 20:00,10243.6,2084.8,2244.8
12/7/2025 21:00,10153.3,2045.3,2216.1
12/7/2025 22:00,9922.8,1963.5,2123.6
12/7/2025 23:00,9491.3,1868.9,2003.9
12/8/2025 00:00,9480.2,1809.9,1961.2
12/8/2025 01:00,9170.6,1730.5,1857.6
12/8/2025 02:00,8997.6,1662,1793.5
12/8/2025 03:00,8761.9,1612.7,1750.6
12/8/2025 04:00,8526.4,1571.8,1716
12/8/2025 05:00,8551.8,1582.4,1754.7
12/8/2025 06:00,8643.4,1668.6,1850.7
12/8/2025 07:00,8523.6,1634.1,1775.9
12/8/2025 08:00,8814.1,1697.7,1791.5
12/8/2025 09:00,9632.2,1974.5,2056.1
12/8/2025 10:00,10249.9,2141.9,2218.9
12/8/2025 11:00,10731.2,2214.4,2327.6
12/8/2025 12:00,10804.7,2220.5,2366.6
12/8/2025 13:00,10744,2198.6,2348.3
12/8/2025 14:00,11108.8,2296.2,2456.5
12/8/2025 15:00,11065.2,2318.4,2474
12/8/2025 16:00,11086.6,2270.1,2429.4
12/8/2025 17:00,10821.2,2236.2,2388.3
12/8/2025 18:00,10519.4,2197.9,2350.5
12/8/2025 19:00,10729.7,2267,2428.7
12/8/2025 20:00,10656.8,2172.4,2308.7
12/8/2025 21:00,10471.8,2124.4,2265.3
12/8/2025 22:00,10150.9,2032.6,2161.8
12/8/2025 23:00,9788.8,1924.9,2057
12/9/2025 00:00,9556.2,1822.4,1955.6
12/9/2025 01:00,9209.9,1739.7,1853
12/9/2025 02:00,9056.8,1669.2,1793.3
12/9/2025 03:00,8813.6,1612.5,1750.7
12/9/2025 04:00,8605.8,1582.3,1718.1
12/9/2025 05:00,8665,1589.9,1766.5
12/9/2025 06:00,8783,1681.2,1872.4
12/9/2025 07:00,8687.7,1651.5,1797.7
12/9/2025 08:00,8929.1,1718.6,1815.8
12/9/2025 09:00,9795.5,1993.2,2086.7
12/9/2025 10:00,10400.4,2161.5,2244.8
12/9/2025 11:00,10822.9,2241.6,2355
12/9/2025 12:00,10608.8,2195.8,2364.8
12/9/2025 13:00,10789,2164.9,2347.9
12/9/2025 14:00,11147.4,2268.5,2449.6
12/9/2025 15:00,11131.3,2281.5,2454
12/9/2025 16:00,11121.4,2232.3,2408.5
12/9/2025 17:00,10823.7,2201.6,2366.7
12/9/2025 18:00,10506,2155.7,2327
12/9/2025 19:00,10725.6,2227.1,2420.9
12/9/2025 20:00,10671.6,2140,2305.1
12/9/2025 21:00,10512.4,2082.6,2260
12/9/2025 22:00,10151.8,1987.4,2151.5
12/9/2025 23:00,9871.2,1874.6,2050.6
12/10/2025 00:00,9579.1,1763.8,1929.4
12/10/2025 01:00,9221.8,1690,1832
12/10/2025 02:00,9067.6,1621,1773.5
12/10/2025 03:00,8801.9,1572.2,1729.1
12/10/2025 04:00,8577.8,1544.2,1706.5
12/10/2025 05:00,8640,1560.8,1757.5
12/10/2025 06:00,8782.3,1654.6,1870
12/10/2025 07:00,8699.8,1630.5,1794.3
12/10/2025 08:00,8977.3,1695.1,1812.3
12/10/2025 09:00,9844.4,1949.2,2072.5
12/10/2025 10:00,10413.3,2116.7,2226.4
12/10/2025 11:00,10863.9,2201.8,2334.3
12/10/2025 12:00,10858.5,2204,2367.3
12/10/2025 13:00,10857.5,2167.5,2350
12/10/2025 14:00,11230.2,2268.6,2450.2
12/10/2025 15:00,11283.4,2290.6,2457.3
12/10/2025 16:00,11271.8,2251.4,2409.6
12/10/2025 17:00,10959.9,2208.1,2368.2
12/10/2025 18:00,10609.4,2148.1,2327.9
12/10/2025 19:00,10803.9,2207.9,2424.2
12/10/2025 20:00,10726.7,2117.4,2310.3
12/10/2025 21:00,10561.6,2056.2,2258.5
12/10/2025 22:00,10178.5,1965.8,2149.7
12/10/2025 23:00,9917.4,1856.5,2050
12/11/2025 00:00,9578.4,1744.9,1922.8
12/11/2025 01:00,9201.2,1676.9,1824.7
12/11/2025 02:00,9042.9,1610.8,1765.6
12/11/2025 03:00,8784.6,1564,1719.4
12/11/2025 04:00,8588.9,1536.9,1700.2
12/11/2025 05:00,8650.3,1554.7,1750.5
12/11/2025 06:00,8786.8,1649.3,1865.1
12/11/2025 07:00,8703.5,1627.3,1792.5
12/11/2025 08:00,8991.8,1690.4,1805.9
12/11/2025 09:00,9849.3,1943.7,2063.5
12/11/2025 10:00,10410.8,2106.2,2214.9
12/11/2025 11:00,10869.3,2190,2323.4
12/11/2025 12:00,10910.7,2198.7,2366
12/11/2025 13:00,10870.1,2145.7,2350.6
12/11/2025 14:00,11249.4,2241.1,2449.1
12/11/2025 15:00,11308.2,2267.7,2450.6
12/11/2025 16:00,11296.9,2229.6,2402.7
12/11/2025 17:00,11006.4,2174,2361.9
12/11/2025 18:00,10645.8,2134,2324.8
12/11/2025 19:00,10822.2,2211.7,2422.4
12/11/2025 20:00,10731.3,2125.5,2308.1
12/11/2025 21:00,10557.9,2064.4,2255.5
12/11/2025 22:00,10172.7,1967.8,2146.6
12/11/2025 23:00,9917,1856.2,2049.8
12/12/2025 00:00,9578.2,1744.8,1920.8
12/12/2025 01:00,9203,1674.5,1821.6
12/12/2025 02:00,9042.4,1607.8,1762.2
12/12/2025 03:00,8793.1,1561.6,1715.5
12/12/2025 04:00,8592.3,1533.4,1697.4
12/12/2025 05:00,8659.3,1551.7,1747.4
12/12/2025 06:00,8797.7,1645.2,1859.5
12/12/2025 07:00,8719.5,1623.3,1788.5
12/12/2025 08:00,9005.4,1686.8,1807.1
12/12/2025 09:00,9865.4,1944.5,2060.8
12/12/2025 10:00,10429.3,2100.4,2212.7
12/12/2025 11:00,10898.3,2186.5,2318.9
12/12/2025 12:00,10971.5,2194.6,2357.5
12/12/2025 13:00,10907.5,2141.9,2329.6
12/12/2025 14:00,11249.2,2238.6,2419.4
12/12/2025 15:00,11267.7,2241.1,2428.6
12/12/2025 16:00,11268.7,2184.9,2388.6
12/12/2025 17:00,10949.8,2122.7,2350.9
12/12/2025 18:00,10583.4,2106.1,2319.5
12/12/2025 19:00,10761.1,2197.8,2416.3
12/12/2025 20:00,10679.4,2116.4,2304.9
12/12/2025 21:00,10517.4,2056.2,2254.6
12/12/2025 22:00,10139.3,1966.8,2144.3
12/12/2025 23:00,9888.4,1859.5,2045.9
12/13/2025 00:00,9699.2,1766.7,1943.6
12/13/2025 01:00,9401.3,1687.9,1851.2
12/13/2025 02:00,9197.5,1615.2,1777
12/13/2025 03:00,8907.3,1568.6,1733.7
12/13/2025 04:00,8689.3,1531.4,1695.9
12/13/2025 05:00,8636.2,1534.3,1721.7
12/13/2025 06:00,8557,1581.8,1790.8
12/13/2025 07:00,8467,1583.5,1768
12/13/2025 08:00,8627,1637.8,1798.6
12/13/2025 09:00,9347.2,1827.2,1957.6
12/13/2025 10:00,9961,1962.2,2057.4
12/13/2025 11:00,10361.9,2045.4,2169.7
12/13/2025 12:00,10511.5,2054.8,2191
12/13/2025 13:00,10309,2035.9,2209.6
12/13/2025 14:00,10499.2,2115.9,2285.4
12/13/2025 15:00,10385.1,2133.5,2283.5
12/13/2025 16:00,10354.9,2111.2,2252.4
12/13/2025 17:00,10084.3,2061.9,2220.5
12/13/2025 18:00,10021.4,2075.1,2262.4
12/13/2025 19:00,10433,2194,2373.5
12/13/2025 20:00,10391.8,2113.9,2279.8
12/13/2025 21:00,10248.4,2058,2236.6
12/13/2025 22:00,9960.1,1980.9,2147
12/13/2025 23:00,9612.1,1877.4,2028.6
12/14/2025 00:00,9412.9,1776.8,1941.7
12/14/2025 01:00,9246.2,1704.4,1860.9
12/14/2025 02:00,9010.9,1636.2,1788.8
12/14/2025 03:00,8767.3,1585.4,1737.8
12/14/2025 04:00,8464.8,1543.5,1697.9
12/14/2025 05:00,8365.8,1533.3,1705
12/14/2025 06:00,8287.7,1548.7,1733.4
12/14/2025 07:00,8173.3,1542.3,1713.3
12/14/2025 08:00,8319.3,1587.4,1724.2
12/14/2025 09:00,8764.8,1673.6,1798.9
12/14/2025 10:00,9305.5,1772.1,1859
12/14/2025 11:00,9730.4,1832.8,1970.1
12/14/2025 12:00,9755.4,1866.5,2037.3
12/14/2025 13:00,9778.2,1880.8,2032.4
12/14/2025 14:00,9962.6,1916.4,2061.7
12/14/2025 15:00,9935.2,1938.1,2058.4
12/14/2025 16:00,10039.8,1916.1,2031.1
12/14/2025 17:00,9800.3,1923.6,2038.8
12/14/2025 18:00,9841.8,1987,2141.1
12/14/2025 19:00,10328.5,2123.6,2294.4
12/14/2025 20:00,10235.9,2042.4,2220.5
12/14/2025 21:00,10133.8,1989.6,2190.3
12/14/2025 22:00,9865.2,1909.9,2101.4
12/14/2025 23:00,9473.4,1810.8,1980.3
12/15/2025 00:00,9435.3,1741.5,1926.4
12/15/2025 01:00,9124.7,1673.8,1831.5
12/15/2025 02:00,8958.6,1608.8,1767.1
12/15/2025 03:00,8720.1,1561.8,1717.6
12/15/2025 04:00,8482.2,1531.6,1693.9
12/15/2025 05:00,8501.1,1542.9,1730.6
12/15/2025 06:00,8588.5,1630,1831.6
12/15/2025 07:00,8546.3,1616.2,1769.1
12/15/2025 08:00,8846.1,1670.6,1783.4
12/15/2025 09:00,9680.2,1913.3,2031.7
12/15/2025 10:00,10211.9,2064.4,2182.4
12/15/2025 11:00,10636.6,2143.6,2289.5
12/15/2025 12:00,10655.7,2165.8,2333.1
12/15/2025 13:00,10519.1,2125.9,2310
12/15/2025 14:00,10860.1,2230.6,2400.2
12/15/2025 15:00,10923.5,2246.5,2412
12/15/2025 16:00,10887.2,2189.2,2369.8
12/15/2025 17:00,10591.9,2146.3,2330.4
12/15/2025 18:00,10285.5,2124.6,2299.1
12/15/2025 19:00,10527,2198.2,2399.7
12/15/2025 20:00,10473.7,2104.7,2285.6
12/15/2025 21:00,10341.4,2033.6,2232.8
12/15/2025 22:00,10003.4,1942.7,2125.7
12/15/2025 23:00,9712.5,1834.8,2020
12/16/2025 00:00,9470.2,1733,1914.8
12/16/2025 01:00,9109.2,1664.9,1818.9
12/16/2025 02:00,8955.5,1600.7,1758.6
12/16/2025 03:00,8705.9,1554.9,1711.7
12/16/2025 04:00,8494.2,1526.8,1691.7
12/16/2025 05:00,8555.9,1543.3,1737.2
12/16/2025 06:00,8689.4,1635.9,1846.4
12/16/2025 07:00,8635.6,1626.1,1784.9
12/16/2025 08:00,8929.4,1682,1798.1
12/16/2025 09:00,9761.4,1918.4,2045.4
12/16/2025 10:00,10267.9,2066.4,2195.9
12/16/2025 11:00,10679.2,2146.7,2302.9
12/16/2025 12:00,10677.8,2172.1,2349.7
12/16/2025 13:00,10526.6,2123.6,2319.9
12/16/2025 14:00,10890.2,2221.9,2406.4
12/16/2025 15:00,10938.6,2232.1,2409.7
12/16/2025 16:00,10924.3,2173.3,2375.3
12/16/2025 17:00,10622.8,2135.3,2338.2
12/16/2025 18:00,10326.2,2122.4,2309.6
12/16/2025 19:00,10561.9,2205.1,2412.4
12/16/2025 20:00,10515.5,2113.6,2300.8
12/16/2025 21:00,10368.1,2042,2246.7
12/16/2025 22:00,10013,1949.4,2135.5
12/16/2025 23:00,9753.4,1839.9,2035.7
12/17/2025 00:00,9446.8,1730.6,1914.9
12/17/2025 01:00,9068.3,1663.8,1818
12/17/2025 02:00,8904.5,1599.7,1758.1
12/17/2025 03:00,8650.2,1555.3,1711
12/17/2025 04:00,8430.2,1526.7,1693
12/17/2025 05:00,8478.3,1544.6,1741.2
12/17/2025 06:00,8606.7,1637.7,1852.9
12/17/2025 07:00,8535.7,1630,1790.5
12/17/2025 08:00,8824.9,1687.6,1803.2
12/17/2025 09:00,9620.5,1927.2,2048.2
12/17/2025 10:00,10073.8,2075.1,2198.6
12/17/2025 11:00,10473.9,2155.4,2305.6
12/17/2025 12:00,10459.4,2179.1,2352.6
12/17/2025 13:00,10294.4,2130.4,2326.1
12/17/2025 14:00,10679.9,2227.5,2417.5
12/17/2025 15:00,10697.4,2239.3,2427.3
12/17/2025 16:00,10708.6,2186.5,2387.7
12/17/2025 17:00,10444.6,2149.1,2347.3
12/17/2025 18:00,10173,2133.7,2315
12/17/2025 19:00,10421.3,2212.8,2416.1
12/17/2025 20:00,10404.8,2121.1,2302.7
12/17/2025 21:00,10277.4,2047.9,2247
12/17/2025 22:00,9933.9,1953,2134.5
12/17/2025 23:00,9692.3,1841.3,2036.5
12/18/2025 00:00,9377.9,1728,1912.6
12/18/2025 01:00,9009.4,1662,1815.8
12/18/2025 02:00,8845.6,1599.4,1757
12/18/2025 03:00,8595.2,1555.4,1710.8
12/18/2025 04:00,8377.6,1526.7,1694.3
12/18/2025 05:00,8441,1545,1744.6
12/18/2025 06:00,8582.3,1638.2,1857.9
12/18/2025 07:00,8546.4,1631.2,1791.3
12/18/2025 08:00,8854,1688.2,1801
12/18/2025 09:00,9675.9,1924.9,2039.4
12/18/2025 10:00,10176.3,2064.1,2185.1
12/18/2025 11:00,10617.7,2139.7,2288.4
12/18/2025 12:00,10657.4,2158,2335.2
12/18/2025 13:00,10526.9,2102.5,2303.5
12/18/2025 14:00,10895.2,2188.2,2385
12/18/2025 15:00,10947.1,2187.6,2385.1
12/18/2025 16:00,10936,2137.5,2361.4
12/18/2025 17:00,10641.5,2105.1,2328.5
12/18/2025 18:00,10347.9,2103.7,2303.1
12/18/2025 19:00,10578.2,2196.2,2401.9
12/18/2025 20:00,10538.4,2110.2,2292
12/18/2025 21:00,10391.2,2040.8,2237.2
12/18/2025 22:00,10023.9,1947.3,2125
12/18/2025 23:00,9771.8,1835.1,2028.9
12/19/2025 00:00,9441.8,1721.9,1906
12/19/2025 01:00,9059.2,1657.1,1810.4
12/19/2025 02:00,8902.9,1594.1,1750.5
12/19/2025 03:00,8649.3,1549.3,1704.2
12/19/2025 04:00,8436,1522.9,1688.1
12/19/2025 05:00,8501.9,1542.6,1737
12/19/2025 06:00,8645.4,1637.1,1851.1
12/19/2025 07:00,8601.2,1626.5,1788.2
12/19/2025 08:00,8904.2,1679.5,1800.3
12/19/2025 09:00,9731.1,1897.3,2041.7
12/19/2025 10:00,10212.8,2039.3,2183.5
12/19/2025 11:00,10612.4,2119.4,2282.2
12/19/2025 12:00,10610.9,2144.2,2327
12/19/2025 13:00,10450.8,2096.1,2296.9
12/19/2025 14:00,10827.5,2192.4,2380.8
12/19/2025 15:00,10858.3,2201.3,2383.5
12/19/2025 16:00,10841.6,2148.4,2360.9
12/19/2025 17:00,10535.9,2107.8,2329.8
12/19/2025 18:00,10234.4,2093.7,2305.2
12/19/2025 19:00,10465.8,2191.4,2406.1
12/19/2025 20:00,10433.2,2110.3,2296.4
12/19/2025 21:00,10291.3,2047.6,2243
12/19/2025 22:00,9937.1,1955.7,2130.1
12/19/2025 23:00,9691.6,1845,2034.5
12/20/2025 00:00,9457,1750.8,1935.9
12/20/2025 01:00,9177.3,1678.2,1844.9
12/20/2025 02:00,8968.6,1609.8,1770.5
12/20/2025 03:00,8669.8,1567.5,1726.3
12/20/2025 04:00,8475.7,1534.4,1691.3
12/20/2025 05:00,8388,1540.4,1715.8
12/20/2025 06:00,8405.9,1589.6,1788.1
12/20/2025 07:00,8337.2,1594.5,1771.4
12/20/2025 08:00,8536.6,1633.8,1799
12/20/2025 09:00,9241,1804.2,1956.8
12/20/2025 10:00,9785.3,1932,2048.1
12/20/2025 11:00,10176.3,2013.1,2153.6
12/20/2025 12:00,10255.4,2032.4,2176
12/20/2025 13:00,10103,2009.8,2181.7
12/20/2025 14:00,10425.5,2094.9,2249.7
12/20/2025 15:00,10385.1,2115.8,2246.4
12/20/2025 16:00,10341.1,2085.1,2225.3
12/20/2025 17:00,10056.4,2045.7,2207.9
12/20/2025 18:00,9914.5,2069,2255.3
12/20/2025 19:00,10290.8,2190.4,2372
12/20/2025 20:00,10269.2,2109.5,2278.8
12/20/2025 21:00,10119.3,2053.7,2233.1
12/20/2025 22:00,9838.2,1975.8,2141.9
12/20/2025 23:00,9511.2,1872.3,2025.2
12/21/2025 00:00,9287.2,1771.1,1940.3
12/21/2025 01:00,9105.1,1702.3,1859
12/21/2025 02:00,8849.8,1636.2,1787.7
12/21/2025 03:00,8606,1587.1,1736.3
12/21/2025 04:00,8324.1,1546.3,1695.9
12/21/2025 05:00,8212.5,1537.6,1702.6
12/21/2025 06:00,8169.6,1553.3,1731
12/21/2025 07:00,8068.8,1545,1713
12/21/2025 08:00,8230.9,1582.9,1721.7
12/21/2025 09:00,8705.7,1668.6,1795.8
12/21/2025 10:00,9248.7,1762.3,1845.8
12/21/2025 11:00,9684.2,1821,1943.8
12/21/2025 12:00,9705.9,1851.7,2000.2
12/21/2025 13:00,9660.4,1865.6,1992.1
12/21/2025 14:00,9857.5,1900.3,2018.3
12/21/2025 15:00,9822.7,1917.5,2019.9
12/21/2025 16:00,9926.9,1897.3,2008.3
12/21/2025 17:00,9680.6,1908.8,2027.3
12/21/2025 18:00,9723.4,1975.2,2137.6
12/21/2025 19:00,10215.8,2114.5,2291.9
12/21/2025 20:00,10109,2037.7,2217.4
12/21/2025 21:00,10005.2,1988.4,2184.4
12/21/2025 22:00,9752,1906.9,2096
12/21/2025 23:00,9377.1,1807.7,1976.6
12/22/2025 00:00,9330.6,1738,1921.3
12/22/2025 01:00,9004.8,1670.3,1829
12/22/2025 02:00,8798.3,1607.5,1765.8
12/22/2025 03:00,8537.2,1561,1718.3
12/22/2025 04:00,8299.3,1534.9,1694.2
12/22/2025 05:00,8305.4,1550.4,1731
12/22/2025 06:00,8442.2,1640.9,1833.6
12/22/2025 07:00,8421.3,1620.2,1769.8
12/22/2025 08:00,8741.1,1669.5,1783.4
12/22/2025 09:00,9569.8,1898.7,2031.7
12/22/2025 10:00,10097.9,2050.9,2175.2
12/22/2025 11:00,10555.5,2133.2,2274
12/22/2025 12:00,10603.6,2155.6,2313
12/22/2025 13:00,10503.6,2116,2288
12/22/2025 14:00,10874.6,2216.9,2375.2
12/22/2025 15:00,10978.6,2232.4,2383.1
12/22/2025 16:00,10975.6,2178.3,2354.4
12/22/2025 17:00,10708.1,2138.1,2321.4
12/22/2025 18:00,10434,2122.2,2296.9
12/22/2025 19:00,10621.3,2200.1,2395.6
12/22/2025 20:00,10517.4,2111.2,2281.9
12/22/2025 21:00,10330.9,2045.9,2226.2
12/22/2025 22:00,9976,1949.4,2120.2
12/22/2025 23:00,9678.1,1836.4,2019
12/23/2025 00:00,9416.4,1730.2,1914.5
12/23/2025 01:00,9052.6,1665.3,1820
12/23/2025 02:00,8882.5,1602.9,1760.2
12/23/2025 03:00,8625.5,1558.3,1715.1
12/23/2025 04:00,8406,1531.6,1696.5
12/23/2025 05:00,8447.2,1549.2,1743.7
12/23/2025 06:00,8582.6,1642.8,1854.2
12/23/2025 07:00,8552.5,1629.2,1789.4
12/23/2025 08:00,8861.3,1681.7,1801.1
12/23/2025 09:00,9694.7,1911.7,2046.6
12/23/2025 10:00,10234.2,2057.1,2189
12/23/2025 11:00,10702.7,2135.8,2288.7
12/23/2025 12:00,10767.2,2158.9,2330.6
12/23/2025 13:00,10670.5,2118.2,2303.4
12/23/2025 14:00,11077.1,2223.4,2389.8
12/23/2025 15:00,11190.4,2242.2,2395.1
12/23/2025 16:00,11161.8,2189.2,2367.2
12/23/2025 17:00,10876.9,2151.8,2334.4
12/23/2025 18:00,10577.1,2136,2309
12/23/2025 19:00,10762.1,2213.2,2412.5
12/23/2025 20:00,10650.6,2120.4,2302.2
12/23/2025 21:00,10449.4,2049.1,2248.4
12/23/2025 22:00,10061.6,1954.7,2137.8
12/23/2025 23:00,9785.8,1843.7,2038
12/24/2025 00:00,9458.9,1733.3,1918.3
